54.221.107.146	2498918596	272	POST
47.34.10.35	2498919090	70	POST
186.13.236.217	2498919545	192	GET
67.241.2.86	2498920435	308	GET
225.156.138.20	2498919082	180	GET
92.241.20.252	2498920192	262	GET
106.170.221.52	2498918520	123	POST
252.200.158.50	2498921368	112	POST
187.136.233.43	2498919546	165	POST
50.194.51.206	2498920111	424	POST
28.187.19.199	2498921190	121	POST
82.10.240.155	2498919045	104	GET
126.244.203.235	2498920256	331	POST
201.242.132.248	2498920018	108	GET
175.199.213.88	2498920799	32	GET
123.234.146.167	2498921068	178	POST
239.40.240.79	2498918594	480	GET
33.89.28.126	2498918633	497	GET
200.252.93.250	2498921608	173	POST
236.225.107.227	2498920397	448	GET
153.55.254.242	2498918899	342	GET
212.88.39.52	2498921663	190	POST
5.64.46.117	2498918508	37	POST
149.117.61.249	2498919747	397	GET
71.26.182.238	2498918829	416	POST
41.31.185.253	2498919862	364	POST
169.239.111.108	2498919567	261	GET
0.80.164.70	2498920109	27	GET
107.230.39.228	2498919317	289	POST
133.88.238.173	2498920992	250	POST
96.138.181.245	2498919722	160	GET
133.168.19.17	2498921313	6	GET
59.124.45.29	2498920910	127	POST
1.46.4.187	2498919291	178	POST
245.251.151.33	2498921981	151	POST
23.163.56.175	2498920899	234	GET
102.135.143.243	2498920350	429	POST
156.245.133.19	2498921019	23	GET
10.67.182.198	2498921905	52	GET
204.8.226.68	2498921674	421	POST
185.18.15.16	2498918687	180	GET
17.28.198.95	2498918516	428	POST
17.240.9.210	2498918660	267	GET
0.39.74.218	2498921974	394	GET
216.209.18.254	2498919933	387	GET
189.196.26.203	2498920974	422	POST
97.221.123.54	2498921256	55	POST
245.215.153.62	2498921090	471	GET
69.35.182.36	2498919364	113	POST
1.36.47.62	2498921011	52	GET
243.231.25.25	2498920839	318	POST
214.107.171.152	2498919725	366	GET
208.192.104.250	2498919295	385	POST
90.177.249.162	2498919349	30	POST
134.11.51.24	2498920376	29	GET
248.47.95.165	2498918949	452	GET
124.6.158.216	2498919901	280	POST
61.217.44.186	2498918452	338	GET
91.248.75.62	2498919915	136	GET
212.243.1.43	2498920784	181	GET
126.105.199.231	2498921803	16	GET
200.35.158.210	2498919565	278	GET
34.91.72.20	2498919831	137	POST
20.227.92.207	2498921042	407	GET
161.175.250.163	2498921692	224	GET
127.22.27.36	2498921875	122	POST
54.27.127.75	2498919402	136	GET
119.169.101.224	2498919596	148	GET
144.67.187.59	2498920341	356	POST
115.62.133.76	2498919005	156	POST
3.43.231.147	2498921017	5	POST
18.149.221.217	2498921679	282	GET
156.204.35.183	2498921342	78	POST
118.60.110.19	2498920452	86	POST
186.130.104.57	2498920937	478	GET
59.202.95.128	2498919151	337	GET
178.42.227.144	2498921723	392	GET
46.160.165.189	2498918832	70	GET
137.197.138.201	2498919544	346	GET
137.154.95.141	2498919272	294	POST
15.30.174.75	2498919400	477	POST
249.79.131.145	2498920885	446	POST
69.226.180.6	2498920417	201	GET
210.253.159.10	2498921110	416	GET
73.167.252.227	2498920123	407	GET
166.127.19.184	2498921024	307	GET
231.172.22.188	2498918581	37	POST
206.130.115.80	2498921483	226	GET
101.200.142.178	2498921157	212	GET
222.73.124.48	2498919859	409	POST
131.55.198.244	2498921567	234	GET
9.235.19.36	2498921312	461	POST
17.184.231.248	2498921287	3	GET
2.121.227.150	2498921305	457	POST
11.110.56.148	2498918521	300	GET
41.166.165.40	2498920546	205	GET
243.208.199.49	2498921555	116	GET
62.72.59.11	2498920701	163	POST
143.192.7.91	2498920924	160	POST
123.239.253.214	2498920631	485	GET
110.58.94.191	2498920598	272	POST
75.199.49.20	2498921982	95	GET
176.93.116.59	2498919935	480	POST
24.19.56.205	2498920865	470	POST
133.237.183.207	2498920259	424	GET
105.195.209.110	2498919952	423	POST
99.122.165.236	2498920482	217	GET
193.110.29.75	2498921769	341	POST
159.223.186.60	2498919137	467	POST
72.60.176.81	2498921969	66	GET
29.85.150.4	2498918725	41	POST
1.224.86.148	2498920438	385	POST
74.86.84.104	2498918695	332	POST
99.106.67.73	2498920135	449	POST
56.171.158.193	2498920951	85	GET
245.106.155.83	2498919732	28	POST
32.128.192.40	2498920925	23	POST
149.98.35.163	2498921625	302	POST
152.34.20.18	2498918743	234	POST
126.31.171.134	2498921996	38	GET
134.101.228.216	2498921194	256	POST
44.30.139.19	2498921294	201	GET
89.86.154.169	2498920917	308	GET
80.199.16.33	2498920690	82	POST
40.162.144.20	2498920725	131	GET
68.195.74.214	2498919576	222	POST
232.174.49.139	2498921592	264	POST
221.196.246.53	2498921450	116	GET
123.226.219.132	2498920623	223	POST
205.201.16.54	2498920166	170	GET
42.7.19.108	2498921938	244	POST
20.155.204.114	2498918724	281	GET
94.102.168.5	2498919813	155	POST
90.253.179.233	2498919047	260	GET
182.146.205.238	2498919588	102	POST
113.52.29.174	2498919211	467	GET
135.236.243.60	2498920171	240	POST
30.254.124.67	2498921519	341	POST
130.104.201.121	2498918807	314	GET
141.108.114.238	2498919848	469	GET
25.12.189.8	2498920220	397	POST
4.114.128.194	2498921785	406	GET
103.143.191.44	2498919177	68	GET
254.27.100.154	2498919654	394	GET
55.55.184.148	2498919089	311	GET
62.171.79.72	2498919549	445	GET
76.94.213.118	2498921958	253	GET
13.243.46.218	2498920053	293	GET
8.39.105.138	2498919365	148	POST
22.22.227.220	2498918760	125	GET
9.80.42.88	2498921021	356	GET
8.104.148.10	2498921364	244	GET
133.84.65.198	2498921332	101	GET
196.152.157.94	2498920250	328	POST
226.180.182.142	2498920249	229	GET
27.169.189.102	2498921485	80	GET
161.51.83.169	2498918931	23	POST
149.222.39.158	2498921296	412	POST
29.3.225.24	2498921498	384	POST
210.254.62.249	2498918683	53	GET
245.140.31.248	2498918484	132	POST
212.222.99.29	2498918672	52	GET
169.216.241.114	2498921490	391	POST
200.49.12.131	2498918837	317	GET
98.80.154.1	2498919421	11	GET
100.158.54.240	2498920024	172	GET
112.57.0.178	2498921584	480	GET
70.74.6.206	2498920408	462	GET
73.224.253.118	2498921988	166	POST
235.238.32.117	2498921370	329	GET
5.90.206.41	2498920866	294	GET
120.179.121.125	2498919167	267	GET
83.253.165.191	2498918431	46	GET
187.86.223.232	2498919477	137	GET
151.1.89.113	2498921154	152	POST
251.214.90.50	2498921342	129	GET
179.150.156.165	2498919343	89	POST
101.96.160.118	2498921637	180	GET
126.158.146.56	2498921993	418	POST
201.248.12.192	2498920697	377	GET
23.223.1.46	2498919153	132	POST
101.35.185.21	2498921576	82	GET
114.172.62.248	2498920008	416	GET
206.116.242.43	2498921148	324	GET
149.164.149.176	2498919519	108	POST
160.181.35.222	2498921511	466	POST
130.127.74.171	2498920611	163	GET
28.19.194.189	2498919042	28	GET
211.173.44.210	2498920596	265	POST
171.55.212.191	2498919894	491	POST
81.180.254.234	2498918673	106	GET
39.176.228.113	2498918847	166	GET
132.75.144.98	2498921515	143	GET
127.72.167.114	2498921453	231	GET
3.33.66.69	2498919315	215	POST
11.99.116.52	2498919485	308	POST
128.93.220.229	2498921503	441	GET
100.41.23.27	2498918468	329	GET
82.99.254.212	2498921984	153	POST
56.48.120.122	2498921006	84	GET
143.126.137.63	2498919952	380	GET
108.207.222.226	2498921605	227	GET
154.102.142.191	2498920649	198	POST
115.50.90.206	2498921200	474	POST
127.205.169.125	2498920257	453	GET
25.65.107.228	2498918978	394	GET
6.44.135.190	2498920158	397	GET
70.9.142.199	2498919111	399	GET
188.93.207.160	2498919652	77	POST
118.220.151.250	2498921308	133	GET
243.0.191.84	2498920521	76	GET
125.50.178.120	2498919511	78	POST
58.213.6.40	2498921950	222	POST
90.245.223.77	2498918624	441	POST
25.69.146.109	2498918891	478	POST
48.20.243.186	2498919972	129	GET
122.118.72.100	2498918629	230	POST
128.249.47.243	2498921780	23	GET
207.175.46.249	2498919328	399	POST
159.181.202.61	2498919957	294	POST
106.87.243.185	2498921518	214	POST
190.174.136.214	2498918757	195	POST
81.211.95.88	2498918629	470	GET
46.70.51.29	2498919891	204	POST
137.133.223.177	2498918955	413	POST
241.106.4.201	2498920295	36	POST
131.29.84.104	2498919642	222	POST
254.31.201.195	2498921177	434	POST
155.29.205.221	2498919614	148	GET
0.220.238.0	2498919898	416	POST
35.198.158.188	2498920856	175	GET
168.90.140.122	2498919398	284	POST
95.75.38.184	2498921267	33	GET
18.233.137.113	2498918891	306	GET
176.102.43.172	2498921552	341	POST
188.157.99.135	2498920748	445	GET
236.243.79.166	2498920218	441	GET
104.113.163.77	2498921784	225	GET
182.5.10.220	2498919627	53	POST
155.73.18.17	2498918759	150	POST
152.44.61.58	2498919274	43	GET
68.87.51.61	2498919135	192	POST
37.209.108.230	2498919070	27	POST
185.123.37.150	2498919298	51	POST
197.230.152.19	2498921353	141	POST
164.231.205.211	2498921869	72	GET
182.62.78.33	2498921646	46	POST
59.191.31.200	2498920294	471	POST
23.150.176.224	2498921440	287	GET
211.66.222.2	2498920707	476	POST
14.75.250.141	2498918744	262	GET
20.251.210.72	2498919344	136	GET
34.64.162.9	2498918721	482	POST
81.91.21.28	2498921274	66	POST
181.138.157.220	2498921694	24	POST
72.170.126.209	2498918666	418	GET
66.172.109.56	2498920329	479	GET
84.185.21.195	2498918865	266	GET
16.156.106.144	2498921969	16	GET
251.204.171.92	2498920281	271	GET
45.131.61.137	2498920009	166	POST
159.150.166.97	2498920343	38	POST
27.251.165.184	2498921543	120	GET
25.224.173.31	2498918845	239	POST
48.203.21.174	2498919327	425	GET
100.88.98.44	2498921156	193	POST
114.237.31.107	2498921834	1	GET
48.7.144.31	2498921256	274	POST
22.62.251.149	2498920525	391	GET
58.185.3.21	2498921011	116	POST
112.102.66.200	2498919994	99	POST
163.221.99.130	2498920838	57	GET
237.232.52.242	2498919617	70	GET
81.189.46.30	2498919410	182	POST
80.119.196.194	2498919830	489	GET
84.162.128.113	2498918774	207	GET
191.198.45.34	2498918608	32	GET
98.84.166.225	2498920452	1	POST
165.20.153.147	2498921824	301	GET
202.45.77.85	2498918497	163	GET
178.111.81.77	2498920974	76	GET
113.185.69.42	2498921246	272	GET
201.24.161.183	2498920978	336	POST
128.230.102.51	2498919287	28	GET
70.242.190.12	2498918542	1	GET
184.162.50.139	2498921584	403	GET
203.103.120.45	2498918474	80	GET
87.243.84.237	2498919698	468	GET
41.204.150.13	2498920812	297	GET
171.72.246.71	2498918541	444	GET
74.74.219.31	2498918591	122	GET
196.122.247.248	2498918519	96	POST
148.170.61.212	2498919660	164	POST
24.196.63.251	2498921202	108	GET
44.121.12.179	2498918710	221	POST
193.148.154.223	2498920931	6	POST
110.239.220.228	2498921508	172	POST
183.24.231.145	2498921573	186	GET
228.87.110.71	2498920445	94	POST
50.65.54.153	2498920319	220	GET
40.174.181.26	2498919053	447	POST
25.25.13.140	2498921526	277	GET
182.114.222.156	2498920825	332	GET
22.68.89.239	2498918411	494	GET
100.48.152.88	2498921122	84	POST
124.3.8.49	2498921634	372	GET
238.240.230.243	2498918622	242	POST
170.100.7.12	2498920155	159	GET
246.2.139.76	2498921131	432	POST
19.159.90.216	2498921421	311	POST
122.235.119.61	2498921995	167	POST
88.14.69.41	2498921736	444	GET
43.126.128.147	2498921804	248	GET
183.102.188.142	2498921511	152	GET
91.254.71.174	2498921702	475	POST
52.156.140.160	2498921281	195	POST
81.151.164.63	2498921154	58	POST
73.27.207.79	2498918423	310	GET
197.90.228.12	2498919766	275	POST
223.7.88.212	2498921436	218	GET
216.239.60.26	2498920037	240	GET
0.106.33.153	2498919009	253	POST
52.212.150.5	2498919737	321	GET
71.125.42.115	2498921613	97	GET
138.178.169.173	2498919243	280	GET
249.177.200.52	2498918766	467	POST
113.127.216.25	2498918917	189	GET
156.20.37.96	2498921767	371	GET
167.188.246.44	2498920158	376	GET
228.16.200.31	2498920232	15	GET
252.222.193.12	2498921539	431	POST
163.22.205.163	2498918688	99	POST
66.208.91.195	2498918420	469	POST
84.74.133.160	2498921657	480	GET
191.161.172.172	2498921248	54	POST
191.149.50.73	2498919448	426	POST
190.141.185.44	2498920173	357	GET
144.66.20.187	2498919269	246	GET
147.4.215.96	2498920164	361	GET
232.72.114.10	2498919901	143	GET
104.57.164.214	2498919327	213	POST
135.148.148.179	2498921644	262	GET
13.219.134.1	2498918912	350	GET
17.74.112.198	2498920747	193	GET
19.76.20.218	2498920810	51	POST
187.76.115.91	2498921190	337	POST
219.219.31.4	2498921916	10	POST
220.145.78.189	2498919165	440	POST
18.176.145.26	2498918815	130	POST
216.90.200.189	2498920142	427	GET
9.230.43.245	2498919759	312	POST
202.170.116.113	2498921669	300	POST
216.187.49.251	2498921003	193	POST
135.23.103.102	2498920748	465	POST
110.251.29.185	2498918746	122	POST
221.160.193.220	2498919392	301	POST
89.169.88.64	2498920874	132	GET
153.136.81.102	2498920021	6	POST
92.25.159.130	2498920031	5	GET
13.196.170.75	2498918834	482	POST
50.120.233.199	2498920680	425	GET
18.15.145.229	2498920182	231	POST
245.35.81.226	2498919618	480	POST
46.241.145.140	2498919854	115	POST
202.223.114.234	2498919164	22	GET
92.11.158.31	2498920079	499	GET
220.252.116.107	2498920580	94	POST
169.30.196.227	2498921250	234	POST
43.198.219.26	2498920450	362	POST
3.24.81.221	2498919117	350	POST
22.27.109.244	2498919530	100	POST
84.84.200.137	2498918456	330	POST
112.120.168.135	2498920643	42	POST
121.184.237.106	2498919007	370	POST
120.15.153.157	2498920008	108	GET
235.228.214.32	2498919748	478	GET
181.5.242.52	2498920378	408	GET
51.184.37.180	2498918496	334	GET
183.85.44.216	2498920807	18	POST
62.162.8.213	2498919414	253	GET
110.133.77.218	2498919900	30	GET
36.125.211.243	2498919099	332	GET
123.228.127.5	2498920877	362	GET
250.247.106.18	2498919939	53	GET
166.226.115.239	2498918628	178	POST
178.182.210.162	2498918594	282	POST
83.223.183.82	2498920944	306	POST
163.232.75.64	2498921408	490	POST
74.104.84.182	2498921801	412	GET
217.179.89.58	2498919518	457	POST
175.21.204.227	2498920393	46	GET
221.8.136.23	2498919495	315	POST
176.132.56.203	2498918576	437	POST
208.212.32.6	2498921230	97	POST
158.5.27.181	2498920119	333	POST
150.78.196.219	2498921096	494	POST
67.208.176.155	2498921703	206	GET
46.121.105.50	2498919243	269	POST
23.160.127.247	2498918713	155	GET
193.159.93.215	2498921337	83	GET
36.180.243.46	2498920661	245	POST
213.152.86.227	2498920543	305	GET
185.241.115.147	2498919821	484	GET
81.83.123.50	2498919346	162	POST
126.89.82.162	2498920499	136	GET
130.169.246.27	2498919003	285	POST
106.53.51.13	2498918775	278	POST
15.25.11.248	2498918548	349	POST
35.195.84.59	2498921510	194	POST
70.135.102.139	2498920470	309	GET
78.3.141.226	2498921980	481	GET
182.58.16.157	2498921965	48	GET
32.241.199.29	2498921632	387	GET
43.15.196.21	2498919267	84	POST
60.103.30.12	2498921994	95	GET
200.236.85.218	2498920749	63	POST
213.230.187.27	2498918990	473	POST
55.63.20.83	2498919559	180	POST
200.150.9.38	2498920569	52	POST
92.137.169.129	2498920395	195	POST
211.36.80.115	2498920597	171	GET
177.150.85.250	2498921540	22	GET
147.209.167.160	2498919603	18	GET
215.172.182.41	2498920211	72	POST
144.248.74.159	2498918958	42	GET
26.172.1.164	2498919891	392	GET
225.92.39.75	2498919942	496	GET
6.107.13.88	2498918562	446	GET
31.16.146.197	2498918772	480	GET
144.214.246.217	2498920333	77	POST
59.114.33.107	2498918550	387	GET
150.216.103.173	2498918483	125	POST
222.216.49.31	2498919528	461	POST
90.210.62.160	2498920540	332	POST
237.43.73.35	2498920728	197	POST
89.194.38.7	2498918617	454	GET
128.202.12.211	2498921373	122	POST
48.142.27.46	2498920267	192	POST
49.164.43.187	2498921657	40	GET
189.248.73.5	2498918885	295	POST
155.247.173.20	2498920472	497	GET
75.36.164.170	2498918501	371	GET
11.196.55.89	2498921394	184	GET
17.191.251.67	2498921532	15	POST
228.125.26.61	2498918520	425	GET
25.244.40.6	2498921806	231	GET
203.161.145.154	2498921176	36	POST
95.222.232.141	2498920638	445	POST
85.160.187.23	2498920197	413	GET
166.116.239.246	2498921059	372	POST
232.131.47.27	2498920419	291	POST
212.54.252.15	2498918745	328	GET
156.25.86.144	2498918828	346	GET
221.250.217.15	2498919694	113	GET
179.217.201.69	2498920500	227	GET
84.20.248.254	2498919430	82	POST
158.119.98.114	2498921516	368	GET
135.95.87.66	2498920973	273	GET
0.52.162.164	2498920921	41	GET
176.193.200.91	2498920447	424	GET
244.194.184.128	2498920833	233	GET
204.77.40.135	2498921810	368	POST
35.92.2.163	2498919130	42	GET
214.37.29.31	2498918592	256	GET
41.25.229.203	2498921570	448	POST
153.3.19.219	2498918760	133	GET
183.2.86.11	2498920518	225	GET
237.40.123.155	2498918452	149	POST
20.127.90.188	2498921585	54	GET
228.43.44.191	2498920854	322	GET
8.125.17.97	2498920789	238	POST
135.134.249.57	2498920730	453	POST
150.212.237.212	2498920351	208	POST
75.150.37.64	2498919834	162	GET
39.121.18.186	2498920835	42	GET
85.127.152.176	2498921419	419	POST
53.23.14.200	2498918929	418	GET
32.143.246.151	2498919692	401	GET
40.103.12.72	2498919021	373	POST
242.69.15.77	2498921310	25	GET
211.55.223.103	2498918769	260	GET
51.128.217.71	2498920878	111	POST
34.231.100.10	2498918459	413	POST
229.86.210.58	2498920678	398	GET
54.253.89.116	2498920209	240	POST
182.174.211.125	2498920902	268	GET
25.139.89.235	2498919019	444	POST
121.65.168.242	2498920099	150	POST
69.52.92.153	2498918643	160	GET
109.125.183.169	2498920461	7	GET
251.15.201.217	2498920779	141	GET
131.249.87.113	2498921418	426	POST
25.154.34.79	2498921763	28	POST
110.172.16.219	2498919655	97	POST
72.162.172.68	2498920759	34	GET
194.244.201.87	2498918843	432	POST
175.171.188.158	2498920066	348	POST
107.216.254.57	2498921362	161	POST
4.67.99.190	2498920721	34	GET
247.31.24.164	2498919604	76	POST
13.138.129.91	2498919976	380	POST
69.105.53.107	2498921343	371	GET
116.26.179.188	2498921893	387	POST
133.31.214.58	2498918821	150	POST
174.163.212.25	2498919458	162	POST
138.25.49.155	2498921879	305	POST
213.13.194.137	2498920395	313	GET
50.7.188.50	2498920946	323	GET
102.5.145.218	2498919171	22	POST
157.66.242.148	2498919645	234	POST
83.249.125.159	2498920224	36	GET
87.132.5.185	2498919564	469	POST
226.251.46.118	2498919782	480	POST
0.30.131.181	2498918950	86	POST
168.180.14.181	2498920783	44	GET
220.193.69.50	2498921579	174	GET
140.203.172.236	2498919566	71	GET
196.185.181.75	2498921026	84	GET
125.124.175.234	2498919802	328	POST
196.241.42.140	2498919613	208	POST
19.234.227.191	2498919329	471	POST
198.64.202.48	2498920297	310	POST
47.201.234.244	2498919429	472	POST
0.229.194.23	2498920602	496	POST
177.51.101.184	2498919475	479	POST
154.240.229.0	2498921298	64	GET
223.13.100.114	2498920975	391	GET
70.185.243.230	2498921255	165	GET
162.108.113.228	2498919692	78	POST
104.28.228.253	2498921799	429	GET
226.31.128.175	2498920984	138	POST
234.226.118.23	2498918513	226	POST
163.238.236.240	2498921145	89	POST
250.167.152.75	2498921303	368	GET
74.87.8.36	2498919514	166	GET
254.224.16.142	2498920377	495	GET
203.98.195.26	2498919273	476	GET
186.134.15.101	2498918975	80	POST
235.40.23.146	2498919531	312	GET
127.121.89.228	2498920312	477	GET
14.213.148.253	2498920854	466	POST
98.25.184.173	2498920506	141	GET
63.1.204.233	2498920073	268	POST
227.120.148.83	2498919877	258	POST
34.190.170.175	2498921844	258	POST
54.50.16.18	2498920465	267	POST
238.61.188.67	2498919879	21	GET
94.135.157.243	2498919872	211	GET
58.93.242.147	2498921184	189	POST
58.41.74.40	2498920750	231	GET
118.232.231.170	2498919825	491	GET
6.62.125.140	2498920554	457	GET
173.36.203.165	2498921595	452	GET
67.228.42.139	2498918779	410	GET
69.152.187.97	2498921050	380	GET
160.12.80.52	2498918522	460	POST
208.142.84.183	2498918950	379	POST
53.16.126.231	2498920094	50	GET
190.192.192.250	2498921744	47	POST
57.76.244.10	2498919088	71	GET
217.92.12.111	2498918759	12	POST
219.100.197.210	2498920962	274	GET
97.254.151.63	2498920618	244	GET
191.148.179.247	2498921465	51	POST
21.231.117.46	2498918613	126	GET
86.35.209.47	2498918870	194	GET
117.40.203.6	2498918483	396	GET
0.237.10.37	2498919397	478	POST
50.250.107.154	2498918810	14	POST
234.68.138.250	2498919914	370	POST
58.126.156.171	2498921970	48	POST
14.140.104.3	2498920938	162	POST
130.181.218.102	2498919134	102	POST
100.41.13.130	2498919042	22	POST
87.222.26.162	2498920935	132	POST
140.78.110.116	2498920054	204	POST
28.96.251.246	2498918490	259	POST
125.168.63.249	2498919097	181	GET
40.198.163.92	2498920748	295	GET
2.151.54.107	2498919516	132	POST
149.184.31.132	2498919869	124	GET
130.100.198.98	2498920105	84	GET
41.12.94.4	2498919707	294	GET
83.155.206.211	2498921537	30	GET
119.197.128.149	2498921029	28	GET
26.242.145.198	2498921737	102	POST
217.24.181.81	2498919986	378	GET
11.102.105.23	2498921361	439	POST
158.21.244.55	2498918761	316	POST
107.114.3.157	2498920345	28	GET
190.231.129.0	2498919869	473	POST
128.142.145.254	2498919546	339	POST
8.43.139.18	2498918702	426	POST
231.196.158.33	2498919990	357	GET
35.160.0.78	2498920089	77	POST
73.110.105.11	2498920702	9	GET
158.53.156.157	2498920761	65	POST
100.33.203.102	2498918597	249	GET
83.99.169.163	2498920153	224	POST
32.168.6.21	2498918457	76	GET
188.235.156.228	2498918652	44	GET
62.136.188.178	2498921378	54	GET
71.78.154.223	2498918870	73	GET
99.210.131.147	2498920870	273	GET
253.158.181.33	2498921605	79	POST
141.124.65.180	2498919678	308	GET
188.0.129.29	2498921837	338	GET
202.186.20.252	2498921971	27	GET
216.199.2.129	2498921684	402	POST
183.174.21.86	2498921682	327	POST
222.142.89.201	2498921908	123	POST
72.200.233.56	2498920998	388	GET
232.168.151.190	2498918637	229	POST
56.182.87.46	2498920068	413	GET
81.113.9.99	2498920577	221	GET
184.7.46.87	2498921807	120	POST
107.139.27.34	2498919467	35	POST
59.139.177.206	2498920753	292	GET
131.140.14.183	2498921854	329	POST
19.193.187.13	2498918677	319	POST
140.190.128.105	2498918881	5	POST
32.216.9.100	2498921082	163	GET
226.178.47.154	2498921837	296	POST
86.248.52.24	2498921158	149	GET
78.5.133.227	2498918487	434	GET
37.142.56.54	2498919245	36	GET
160.75.117.188	2498921258	218	GET
175.29.157.156	2498921227	334	POST
235.197.119.240	2498921853	307	GET
21.125.193.218	2498918851	455	POST
108.2.198.210	2498919526	438	POST
233.71.16.80	2498920021	261	POST
247.25.24.217	2498919598	216	POST
113.253.209.175	2498920253	69	POST
181.70.53.11	2498918953	239	GET
60.44.64.222	2498920884	333	GET
235.176.0.70	2498921380	176	GET
183.20.226.178	2498921467	243	GET
142.41.200.138	2498921685	201	POST
208.14.195.18	2498918603	214	POST
244.155.166.131	2498920554	172	POST
251.63.16.132	2498918522	201	POST
235.147.207.121	2498921257	114	GET
52.217.228.91	2498920592	42	POST
169.100.154.36	2498920753	101	POST
59.253.201.96	2498919215	248	GET
15.68.65.240	2498920299	189	POST
5.191.193.44	2498919829	266	POST
137.174.177.161	2498921540	164	GET
242.143.172.86	2498919250	198	GET
194.131.237.141	2498920448	403	GET
101.243.202.41	2498919960	286	POST
169.115.177.172	2498919867	250	POST
234.156.150.50	2498919361	93	POST
228.161.66.142	2498919812	428	POST
77.70.64.98	2498921429	337	GET
195.160.30.144	2498921292	78	GET
217.205.142.239	2498919766	75	POST
86.67.157.239	2498920639	71	GET
27.57.104.177	2498919748	18	GET
152.171.198.68	2498920012	382	POST
101.124.238.170	2498919478	80	GET
128.201.20.65	2498918589	148	GET
29.239.123.57	2498919988	195	POST
58.122.194.241	2498920536	441	POST
44.68.176.91	2498918858	320	POST
125.227.159.6	2498918963	175	POST
104.185.126.69	2498920777	416	GET
186.172.186.234	2498920936	152	POST
203.116.152.53	2498919283	291	GET
54.177.250.47	2498921661	484	POST
93.136.246.38	2498920898	208	GET
36.107.242.73	2498921391	434	GET
200.5.240.61	2498919508	359	GET
183.98.220.192	2498921910	163	GET
178.146.63.208	2498918900	398	POST
71.218.146.143	2498921317	40	GET
147.72.174.82	2498921929	498	GET
202.250.130.10	2498919373	262	POST
100.149.114.1	2498919157	150	POST
236.39.151.76	2498921964	114	POST
146.28.176.22	2498921512	437	GET
196.221.181.245	2498918439	378	GET
148.123.160.111	2498919201	7	POST
148.82.62.58	2498919021	347	GET
81.158.53.247	2498921477	435	POST
114.157.89.94	2498919012	316	POST
134.123.171.147	2498920869	496	GET
12.42.122.202	2498921761	209	GET
220.144.45.51	2498920904	25	GET
50.240.143.216	2498919785	106	POST
240.1.87.4	2498921429	225	POST
155.198.222.231	2498918599	162	GET
227.39.142.103	2498919321	70	POST
223.238.76.191	2498920709	132	POST
74.136.197.213	2498919008	81	POST
254.122.66.175	2498920360	345	GET
118.96.127.65	2498921414	76	POST
202.60.67.119	2498920438	445	POST
45.216.224.4	2498920169	436	GET
89.68.180.46	2498921468	91	POST
147.132.226.254	2498921957	8	POST
166.32.92.252	2498921573	411	GET
171.201.160.136	2498921167	94	POST
55.250.159.167	2498921674	335	POST
172.94.133.49	2498920057	35	GET
70.217.151.60	2498920991	232	GET
160.167.132.44	2498921724	183	POST
98.222.79.132	2498921892	170	GET
53.195.25.47	2498919682	195	GET
222.92.49.242	2498920543	18	POST
117.184.57.82	2498919411	461	GET
39.229.238.126	2498919541	359	GET
21.20.28.156	2498920929	361	POST
81.227.133.44	2498918468	235	GET
108.108.32.119	2498921504	460	POST
19.153.77.203	2498919983	22	POST
234.113.62.41	2498921682	388	POST
206.80.115.194	2498920062	60	GET
244.198.158.21	2498920485	424	POST
143.33.163.47	2498921441	22	POST
117.245.209.10	2498918520	2	POST
152.130.22.152	2498919472	195	GET
201.0.224.239	2498920588	345	GET
211.223.203.100	2498921417	167	GET
43.30.113.247	2498921059	109	POST
59.160.200.131	2498919796	9	POST
200.248.98.100	2498920408	248	GET
162.248.92.230	2498919940	42	POST
163.160.137.75	2498921165	455	POST
73.69.97.211	2498920449	388	POST
121.199.148.59	2498919250	15	POST
88.37.185.156	2498921369	344	POST
71.141.218.167	2498920059	426	GET
162.39.206.85	2498920857	434	GET
249.157.145.202	2498921304	217	POST
117.179.116.109	2498919528	444	POST
48.114.115.175	2498919048	36	GET
208.172.70.126	2498919243	143	GET
247.124.139.197	2498921916	418	GET
27.89.236.144	2498921045	388	POST
52.65.167.21	2498918716	207	GET
86.217.25.191	2498920184	426	GET
134.182.31.250	2498918899	298	GET
158.243.147.5	2498921311	392	GET
222.162.164.164	2498921266	127	GET
36.36.248.61	2498920365	328	POST
87.52.64.111	2498919474	478	GET
87.2.12.76	2498920458	214	GET
116.244.82.154	2498918937	95	GET
187.57.146.161	2498921992	399	POST
167.114.53.89	2498919621	119	GET
120.111.241.86	2498919610	453	GET
181.104.122.228	2498920538	378	GET
137.68.112.5	2498920142	76	GET
232.73.253.88	2498918674	141	POST
202.154.232.148	2498921831	297	POST
223.126.116.100	2498919368	138	POST
126.203.22.47	2498918783	270	GET
222.141.126.159	2498918688	135	POST
94.6.38.187	2498921145	355	GET
44.233.14.213	2498918526	303	GET
32.85.176.83	2498919964	226	GET
30.50.158.100	2498920313	1	POST
100.106.1.181	2498920778	215	POST
239.42.54.199	2498919180	482	POST
242.124.150.142	2498920992	95	POST
22.66.130.68	2498920552	290	POST
157.60.71.16	2498920831	4	GET
221.186.64.31	2498921774	358	POST
98.101.48.32	2498919829	309	POST
57.184.50.63	2498920304	123	GET
129.36.64.172	2498920277	97	GET
129.216.51.125	2498921126	238	POST
238.219.138.1	2498921373	165	POST
125.111.35.69	2498920762	377	GET
164.52.47.246	2498919757	278	POST
49.244.186.130	2498919558	65	GET
130.132.7.208	2498920082	169	GET
97.164.94.43	2498918756	28	POST
121.213.175.101	2498920747	231	GET
57.186.88.28	2498918817	162	GET
208.229.149.141	2498920530	132	GET
88.210.242.248	2498919032	457	GET
254.170.169.224	2498920687	22	POST
58.208.101.128	2498920430	344	POST
17.93.167.159	2498918606	231	GET
35.101.209.193	2498919137	356	POST
11.143.186.205	2498921563	105	GET
6.131.93.166	2498918611	345	GET
24.44.142.27	2498919647	287	POST
198.39.224.141	2498919718	362	POST
96.91.47.74	2498921254	331	POST
239.254.152.130	2498920026	370	GET
237.155.247.112	2498921810	454	POST
205.216.3.60	2498920681	125	POST
233.84.103.58	2498920453	445	POST
11.176.220.119	2498921974	330	POST
186.89.237.129	2498921901	194	POST
135.62.240.136	2498920902	243	POST
188.250.35.126	2498919467	497	GET
146.44.28.228	2498919703	203	POST
29.225.11.24	2498919761	181	GET
203.36.207.39	2498920004	362	POST
149.113.233.176	2498919034	275	GET
67.208.67.142	2498919034	286	GET
192.234.98.33	2498921768	372	POST
83.140.168.174	2498921198	81	POST
113.159.218.16	2498919412	234	GET
237.64.115.96	2498918496	392	POST
98.229.146.60	2498920500	366	GET
121.90.17.180	2498920317	419	GET
131.133.22.125	2498919005	203	POST
54.8.213.23	2498919429	347	POST
15.30.70.75	2498920109	382	POST
164.216.252.165	2498918477	88	POST
254.231.87.240	2498919263	137	POST
21.155.129.172	2498921434	262	GET
86.209.103.7	2498919109	168	POST
138.232.27.247	2498919206	239	GET
130.183.204.9	2498918807	179	GET
124.112.50.176	2498920985	65	POST
25.146.145.8	2498918685	349	POST
185.59.49.98	2498919555	111	POST
164.234.243.205	2498920727	265	GET
244.241.15.124	2498921374	134	POST
227.72.130.236	2498919909	338	GET
24.118.63.94	2498919690	270	POST
99.64.225.192	2498919456	441	POST
92.221.47.95	2498919455	294	POST
87.165.240.245	2498920989	279	POST
160.128.143.228	2498921950	166	GET
65.52.51.25	2498921423	130	GET
44.238.236.167	2498921703	431	POST
233.86.246.189	2498918797	320	POST
218.174.38.219	2498918904	241	POST
101.175.214.246	2498919046	313	GET
37.183.174.81	2498921304	355	POST
2.167.148.136	2498918437	236	GET
141.169.140.146	2498919968	119	POST
185.90.43.190	2498920615	29	POST
251.113.192.42	2498920486	299	GET
162.111.115.113	2498921334	127	POST
199.253.26.108	2498918906	32	POST
206.181.19.80	2498919150	29	POST
95.137.232.170	2498920438	264	POST
134.106.229.91	2498920714	449	POST
76.35.162.42	2498921681	110	GET
198.104.123.17	2498918947	380	POST
241.97.93.125	2498919815	317	POST
171.88.52.15	2498921904	308	POST
33.73.8.214	2498919729	201	GET
23.112.151.31	2498921606	166	POST
10.85.84.95	2498919838	344	GET
231.0.28.185	2498921774	297	GET
110.74.134.5	2498921342	429	POST
78.40.243.52	2498918704	128	GET
112.182.224.219	2498921971	55	POST
71.227.165.214	2498921394	271	POST
155.36.16.165	2498921314	289	GET
142.130.179.167	2498919439	325	POST
46.187.238.246	2498918407	4	POST
203.4.192.21	2498920328	446	POST
211.98.143.111	2498919484	288	GET
82.226.164.213	2498918674	278	GET
107.55.174.23	2498921702	88	GET
167.154.96.103	2498921474	496	GET
184.160.12.168	2498921868	63	POST
162.76.111.135	2498919735	243	POST
142.31.31.212	2498918628	108	POST
146.118.132.136	2498919637	453	POST
183.246.29.217	2498919363	483	POST
131.145.74.181	2498921846	301	POST
209.87.102.204	2498919427	451	GET
59.124.219.211	2498921348	346	GET
144.201.70.19	2498919663	18	POST
2.147.195.146	2498920697	163	POST
235.40.35.130	2498921689	125	GET
10.240.22.10	2498920570	398	POST
85.63.9.168	2498921246	291	GET
216.160.155.227	2498921133	165	GET
39.249.5.218	2498919034	246	POST
91.36.28.221	2498920073	46	POST
3.207.64.139	2498920164	10	GET
99.248.41.29	2498921899	393	POST
170.213.190.31	2498920934	4	POST
195.218.88.56	2498918663	86	POST
183.50.143.115	2498920798	101	GET
190.43.48.216	2498921889	206	GET
148.192.33.18	2498919881	42	GET
167.177.46.49	2498919956	84	GET
182.84.102.188	2498920459	162	POST
177.28.45.44	2498918722	247	POST
64.174.95.107	2498921998	474	GET
11.99.38.136	2498919945	438	GET
90.67.44.185	2498921841	254	GET
226.67.18.34	2498921587	324	GET
71.153.69.42	2498920746	386	GET
194.164.232.115	2498919606	462	GET
174.246.104.87	2498919677	18	GET
103.191.74.105	2498920205	122	GET
63.26.50.7	2498919801	52	GET
5.176.167.191	2498918450	418	GET
72.180.144.241	2498921925	366	GET
99.209.133.56	2498921367	427	POST
30.113.249.210	2498918735	439	POST
78.19.3.51	2498919754	359	POST
16.6.64.243	2498918589	43	POST
63.144.66.141	2498919292	346	GET
105.228.87.200	2498919007	271	GET
199.99.107.226	2498920493	354	POST
181.35.52.124	2498919447	374	POST
212.239.169.5	2498920301	392	GET
150.247.107.240	2498918642	79	POST
145.104.127.65	2498919017	235	GET
182.169.204.169	2498921326	284	POST
9.253.165.71	2498919488	203	POST
147.106.117.207	2498919243	234	GET
30.168.10.52	2498921821	110	GET
63.153.128.158	2498918500	9	POST
69.153.77.19	2498921918	237	POST
237.24.77.52	2498918745	376	GET
5.184.244.76	2498919508	441	POST
216.98.234.163	2498921346	372	GET
46.117.232.35	2498921738	179	GET
112.4.239.2	2498919558	391	GET
106.50.171.140	2498920139	122	POST
182.5.246.28	2498919544	377	POST
185.74.103.153	2498921140	308	GET
231.228.174.48	2498921479	365	GET
18.11.186.166	2498920051	256	POST
164.95.26.159	2498921128	151	GET
189.116.186.103	2498920855	444	POST
146.83.10.168	2498919734	130	POST
154.22.11.5	2498918605	298	POST
156.131.202.104	2498919852	178	POST
22.88.234.109	2498920014	318	GET
2.245.66.230	2498919238	354	POST
92.81.160.124	2498919865	392	POST
78.107.216.134	2498919490	15	POST
53.245.88.220	2498918965	210	POST
122.243.174.124	2498919227	211	POST
185.57.100.129	2498919163	163	GET
134.110.32.19	2498918882	477	POST
113.250.179.46	2498919322	373	POST
15.176.29.224	2498919617	391	POST
222.73.73.148	2498918643	194	POST
232.125.174.155	2498919288	441	POST
237.97.208.40	2498918998	258	GET
160.65.120.221	2498918943	6	GET
84.82.57.223	2498921542	138	POST
224.137.124.234	2498921022	204	POST
199.215.49.47	2498921393	174	GET
177.131.106.97	2498918498	370	POST
179.47.227.22	2498920933	130	GET
245.42.192.231	2498919941	282	GET
220.7.81.244	2498921416	74	POST
221.166.248.53	2498919682	118	POST
23.203.205.1	2498920304	51	GET
1.33.16.248	2498919661	14	GET
9.170.22.253	2498918929	208	POST
137.232.86.164	2498921621	210	POST
27.18.25.141	2498920045	147	POST
109.55.221.121	2498919040	142	POST
113.48.180.125	2498921221	58	GET
160.116.81.19	2498920661	391	POST
162.249.56.10	2498919145	312	GET
163.15.12.108	2498920792	263	GET
89.163.114.183	2498919251	495	POST
167.124.89.35	2498921278	148	GET
153.148.97.182	2498920267	173	GET
169.153.110.123	2498919377	372	GET
177.88.115.94	2498921568	229	POST
103.183.160.221	2498921979	374	GET
149.90.123.230	2498920861	283	GET
250.196.50.39	2498920163	323	POST
16.81.221.152	2498919888	85	GET
80.99.196.143	2498920436	302	GET
5.115.213.39	2498921384	7	POST
206.29.113.202	2498918548	285	GET
108.158.80.177	2498918427	349	POST
209.230.76.104	2498920443	149	GET
75.218.53.61	2498919606	420	GET
208.247.113.142	2498920832	438	GET
226.42.142.84	2498919588	77	GET
102.31.220.176	2498919000	34	GET
218.48.20.196	2498919140	127	GET
203.237.85.209	2498920489	229	GET
61.188.167.144	2498919607	203	POST
132.169.37.110	2498920495	490	GET
199.251.176.243	2498920843	344	POST
215.186.175.73	2498919129	425	POST
13.189.89.135	2498920046	18	GET
132.134.199.138	2498921403	91	POST
106.11.62.20	2498918959	97	POST
190.139.164.82	2498921807	456	GET
208.147.78.163	2498921771	206	POST
203.23.72.114	2498921223	125	GET
139.110.46.60	2498920333	294	POST
47.97.90.29	2498920521	469	POST
